USE team_sabrina;

INSERT INTO album (album_name, release_date) VALUES 
('Short n Sweet','2024-08-23'),('emails I cant send fwd:','2023-03-17'),('EVOlution','2016-10-14'),
('Eyes Wide Open','2015-04-10'),('Smoke and Fire-Single','2016-02-19'),('Your Favorite Songs from 100 Disney Channel Original Movies','2016-05-20'),
('Night & Day','2017-07-14'),('Why-Single','2017-07-07'),('Alien-Single','2018-03-16'),
('Honeymoon Fades-Single','2020-02-14'),('Singular Act I','2018-11-09'),('Singular Act II','2019-07-19'),
('Dangerous Woman','2016-05-20'),('The Carter V','2018-09-28'),('Unapologetic (Deluxe Version)','2012-11-19'),
('Suicide Squad: The Album','2016-08-05'),('Views','2016-04-29'),('Rumours','1977-02-04')
;

INSERT INTO album (album_name, release_date) VALUES
('Rumours','1977-02-04')
;

INSERT INTO tour VALUES 
('Evolution Tour', '2016-10-18', '2017-05-22', 'Ended'),
('The De-Tour', '2017-06-06', '2017-08-27', 'Ended'),
('Singular Tour', '2019-03-02', '2019-04-11', 'Ended'),
('Emails I Cant Send Tour', '2022-09-29', '2023-08-04', 'Ended'),
('Short n Sweet Tour', '2024-09-23', '2025-03-26', 'Ongoing')
;

INSERT INTO location (city, state_region, country) VALUES 
('Nashville', 'Tennesse', 'United States'), ('Atlanta', 'Georgia', 'United States'), ('San Antonio', 'Texas', 'United States'),
('Austin', 'Texas', 'United States'), ('Dallas', 'Texas', 'United States'), ('West Hollywood', 'California', 'United States'),
('Santa Barbra', 'California','United States'), ('San Francisco', 'California', 'United States'), ('Santa Ana','California', 'United States'),
('Seattle', 'Washington', 'United States'), ('Portland', 'Oregon', 'United States'), ('Denver', 'Colorado', 'United States'),
('Omaha', 'Nebraska', 'United States'), ('Kansas City', 'Missouri', 'United States'), ('Burnsville', 'Minnesota', 'United States'),
('Indianapolis', 'Indiana', 'United States'), ('Pontiac', 'Michigan', 'United States'), ('Toronto', 'Ontario', 'Canada'),
('Buffalo', 'New York', 'United States'), ('Albany', 'New York', 'United States'), ('Deer Park', 'New York', 'United States'),
('New York City', 'New York', 'United States'), ('Cambridge', 'Massachusetts', 'United States'), ('Freehold', 'New Jersey','United States'),
('Baltimore', 'Maryland', 'United States'), ('Philadelphia', 'Pennsylvania', 'United States'), ('Vienna', 'Virginia','United States'), 
('Pittsburg','Pennsylvania', 'United States'), ('Cleveland Heights', 'Ohio','United States'), ('Columbus', 'Ohio', 'United States'),
('Milwaukee','Wisconsin', 'United States'), ('Chicago','Illinois','United States'), ('St. Petersburg','Florida', 'United States'), 
('Jacksonville', 'Florida', 'United States'), ('Charlotte','North Carolina', 'United States'), ('Cincinnati', 'Ohio','United States'),
('Fort Lauderdale', 'Florida', 'United States'), ('Glasgow','West Central Scotland', 'Scotland'), ('Paris', 'Île-de-France','France'),
('Antwerp','Antwerp Province','Belgium'),('Cologne', 'North Rhine-Westphalia', 'Germany'), ('Milan','Lombardy','Italy'),
('Vancouver','British Columbia', 'Canada'),('Edmonton','Alberta', 'Canada'), ('Calgary','Alberta', 'Canada'),
('Santa Rosa','California', 'United States'),('San Diego','California','United States'), ('Anaheim', 'California','United States'),
('Los Angeles','California','United States'),('Phoenix','Arizona','United States'),('New Orleans','Louisiana','United States'),
('Hot Springs', 'Arkansas','United States'),('Houston','Texas','United States'),('Miami Beach','Florida','United States'),
('Orlando','Florida','United States'), ('West Allis','Wisconsin','United States'), ('Detroit','Michigan','United States'),
('Tinley Park','Illinois','United States'), ('Hamburg', 'New York','United States'),('Hershey','Pennsylvania','United States'),
('Boston','Massachusetts', 'United States'),('Montclair', 'New Jersey','United States'),('Timonium','Maryland','United States'),
('Washinton D.C.','District of Columbia','United States'),('Mashantucket','Connecticut','United States'),('Las Vegas','Nevada','United States'),
('Berkeley','California', 'United States'),('Osaka','Osaka Prefecture','Japan'), ('Nagoya','Aichi Prefecture','Japan'),
('Tokyo','Tokyo Metropolis','Japan'),('Seoul','Seoul Special City','South Korea'),('Singapore',NULL,'Singapore'),
('Manila','National Capital Region','Philippines'),('Tempe','Arizona','United States'),('Tulsa','Oklahoma','United States'),
('Salt Lake City','Utah','United States'),('Garden City','Idaho','United States'),('Wheatland','California','United States'),
('Mesa', 'Arizona','United States'),('Minneapolis','Minnesota','United States'),('Madison','Wisconsin','United States'),
('Chesterfield','Missouri','United States'),('Gulf Shores','Alabama','United States'),('Rio de Janeiro','Rio de Janeiro','Brazil'),
('São Paulo','São Paulo','Brazil'),('Dublin',NULL,'Ireland'),('Manchester',' Greater Manchester','England'),
('Newport', NULL, 'England'),('Birmingham','West Midlands','England'),('London','Greater London','England'),
('Brussels','Brussels-Capital Region','Belgium'),('Amsterdam','North Holland','England'),('Berlin',NULL,'Germany'),
('Stockholm','Stockholm County','Sweden'),('Kuala Lumpur','Federal Territory of Kuala Lumpur','Malaysia'),('Jakarta','Jakarta Special Capital Region','Indonesia'),
('Quezon City','Metro Manila','Philippines'),('Bangkok','Bangkok Metropolitan Region','Thailand'),('Brooklyn','New York','United States'),
('Hartford','Connecticut','United States'),('Montreal','Quebec','Canada'),('St. Louis','Missouri','United States'),
('Raleigh','North Carolina','United States'),('Tampa','Florida','United States'),('Inglewood','California','United States'),
('Cleveland','Ohio','United States'), ('Hollywood','California','United States'),('Charlottesville','Virginia','United States')
;

INSERT INTO venue VALUES
(1,'Rocketown',1500),(2,'The Loft',650),(3,'Studio Theater at The Tobin Center',300),(4,'3Ten',350),(5,'Trees',600),(6,'The Roxy Theatre',500),
(7,'Lobero Theatre',604),(8,'Slims',500),(9,'Constellation Room',250),(10,'Nuemos',750),(11,'Hawthorne Theatre',550),
(12,'Bluebird Theatre',550),(13,'Slowdown',750),(14,'Recordbar',550),(15,'The Garage',600),(16,'Deluxe at Old National Centre',750),
(17,'Pike Room',250),(18,'Mod Club',618),(19,'Buffalo Iron Works',500),(20,'The Hollow',350),(21,'Tanger Outlets',500),
(22,'Highline Ballroom',700),(23,'The Sinclair',525),(24,'iPlay America',3000),(25,'Soundstage Baltimore',1000),
(26,'The Foundry at The Filmore Philadelphia',450),(27,'Jammin Java',200),(28,'Stage AE',5500),(29,'Grop Shop',400),
(30,'A and R Music Bar',400),(31,'Turner Hall Ballroom',987),(32,'Schubas Tavern',400),(33,'State Theatre',800),
(34,'Jack Rabbits',300),(35,'McGlohon Theatre at Spirit Square',716),(36,'Twentieth Century Theatre',500),(37,'Parker Playhouse',1191),
(38,'O2 ABC Glasgow',1300),(39,'Les Etoiles',550),(40,'TRUX Music Center',1100),(41,'LUXOR',500),(42,'Magazzini Generali',1000),
(43,'Vogue Theatre',1280),(44,'Winspear Centre',1716),(45,'Calgary Stampede',8000),(10,'Neptune Theatre',100),(11,'Crystal Ballroom',1500),
(8,'The Masonic',3481),(46,'Ruth Finley Person Theatre',1612),(47,'Balboa Theatre',1339),(48,'House of Blues',2200),
(49,'The Wiltern',1850),(50,'Comerica Theatre',5000),(12,'Paramount Theatre',1870),(5,'Majestic Theatre',1704),
(51,'Saenger Theatre',2600),(52,'Timberwood Ampitheater',5000),(53,'Revention Music Center',3464),(34,'Florida Theatre',1900),
(54,'The Filmore Miami Beach',3230),(55,'Walt Disney Theatre',2731),(2,'The Tabernacle',2600),(1,'Ryman Auditorium',2632),
(16,'Murat Theatre',2500),(56,'Wisconsin State Fair', 2000),(57,'The Filmore',2900),(58,'Hollywood Casino Ampitheatre',28739),
(59,'Erie County Fair',3000),(28,'Byham Theatre',1300),(106,'Connor Palace',2714),(60,'Hersheypark Stadiu',30000),(61,'House of Blues',2200),
(62,'Welmont Theater',2500),(35,'Belk Theater',2097),(63,'Maryland State Fair',1896),(18,'Budweiser Stage',16100),
(55,'Universal Studios Florida',8000),(2,'Buckhead Theatre',1800),(35,'The Filmore',2000),(26,'Theatre of Living Arts',1000),
(61,'Paradise Rock Club',933),(64,'9:30 Club',1200),(22,'Irving Plaza',1200),(18,'The Opera House',950),(65,'Grand Theater at Foxwoods',4000),
(57,'St. Andrews Hall',1000),(32,'House of Blues',1800),(66,'House of Blues',3000),(47,'House of Blues',1500),(67,'UC Theatre',1400),
(49,'Henry Fonda Theatre',1200),(68,'Namba Hatch',1500),(69,'Diamond Hall',1014),(70,'EX Theater Roppongi',1746),(71,'Yes24 Live Hall',2500),
(72,'Kalland Theater',1744),(73,'New Frontier Theater',2385),(2,'Center Stage',1050),(25,'Rams Head Live!',1500),(61,'Big Night Live',2000),
(22,'Webster Hall',1500),(64,'Lincoln Theatre',1225),(18,'Phoenix Concert Theatre',1350),(74,'Marquee Theatre',1500),(47,'Observatory North Park',1100),
(8,'Regency Center',1423),(55,'Hard Rock Live',3000),(107,'Hard Rock Live Seminole',7000),(33,'Jannus Live',2000),
(51,'Orpheum Theater',1500),(53,'Warehouse Live',1300),(5,'The Factory in Deep Ellum',4300),(3,'The Espee',3175),(4,'Moody Theater',2750),
(75,'Tulsa Theater',2800),(12,'Mission Ballroom',3950),(76,'The Union',550),(77,'Revolution Concert House',2200),
(45,'Grey Eagle Event Centre',2952),(44,'Edmonton Convention Centre',5000),(43,'PNE Forum',3950),(10,'Paramount Theatre',2807),
(8,'The Warfield',2300),(78,'Hard Rock Live Sacramento',2500),(47,'Humphreys Concerts By the Bay',1400),(49,'Greek Theatre',5500),
(66,'The Theatre at Virgin Hotels',4500),(79,'Mesa Ampitheatre',4950),(14,'Midland Theatre',3200),(80,'State Theatre',2181),(81,'The Sylvee',2500),
(82,'The Factory',3400),(18,'Meridian Hall',3191),(57,'Masonic Temple Theatre',4650),(106,'Agora Ballroom',2000),(61,'Roadrunner',3500),
(22,'Terminal 5',3000),(26,'Franklin Music Hall',3000),(64,'The Anthem',6000),(103,'The Ritz',1400),(2,'The Eastern',2200),
(83,'Gulf Shores Public Beach',10000),(84,'Jockey Club',4000),(85,'Anhangabaú River',3000),(86,'3Olympia Theatre',1621),
(38,'Barrowland Ballroom',1900),(87,'O2 Apollo Manchester',3500),(88,'Seaclose Park',50000),(89,'O2 Academy Birmingham',3009),
(90,'Eventim Apollo',5039),(91,'Palais 12',15000),(41,'Palladium',4000),(92,'Melkweg',1500),(93,'Astra Kulturhaus',2000),
(94,'Gärdet',10000),(90,'Hyde Park',65000),(39,'Zénith Paris',9000),(70,'Toyosu PIT',3000),(68,'Zepp Osaka Bayside',2801),
(95,'Sepang International Circuit',130000),(96,'Gelora Bung Karno Sports Complex',77193),(97,'New Frontier Theater',2385),
(72,'Sands Expo & Convention Centre',8000),(98,'Bitec Hall',20000),(32,'Grant Park',30000),(30,'Nationwide Arena',20000),
(18,'Scotiabank Arena',19800),(57,'Little Ceasars Arena',22000),(22,'Madison Square Garden',20000),(99,'Barclays Center',17000),
(100,'XL Center',20500),(61,'TD Garden',20000),(25,'CFG Bank Arena',13300),(26,'Wells Fargo Center',21000),(101,'Bell Centre',19200),
(32,'United Center',23500),(80,'Target Center',20500),(1,'Bridgestone Arena',19891),(102,'Chaifetz Arena',10600),(103,'Lenovo Center',21000),
(108,'John Paul Jones Arena',15405),(2,'State Farm Arena',21000),(55,'Kia Center',117030),(104,'Amalie Center',21500),(53,'Toyota Center',19300),
(4,'Moody Center',16223),(5,'American Airlines Center',21000),(12,'Ball Arena',18000),(76,'Delta Center',20000),(43,'Pacific Coliseum',17500),
(10,'Climate Pledge Arena',17200),(11,'Moda Center',20500),(8,'Chase Center',19500),(47,'Pechanga Arena',16000),(50,'Footprint Center',17716),
(50,'Crypto.com Arena',20000),(105,'Kia Forum',17500),(86,'3Arena',13000),(89,'Utilita Arena',15800),(90,'The O2 Arena',20000),
(38,'OVO Hydro',14500),(87,'Co-op Live',23500),(39,'Accor Arena',20300),(93,'Uber Arena',17000),(91,'ING Arena',15000),(92,'Ziggo Dome',17000),(42,'Unipol Forum',12800)
;

INSERT INTO sabrina_show VALUES
('Evolution Tour',1,'Rocketown',1,'2016-10-18','Completed'),('Evolution Tour',2,'The Loft',2,'2016-10-21','Completed'),('Evolution Tour',3,'Studio Theater at The Tobin Center',3,'2016-10-22','Completed'),
('Evolution Tour',4,'3Ten',4,'2016-10-23','Completed'),('Evolution Tour',5,'Trees',5,'2016-10-24','Completed'),('Evolution Tour',6,'The Roxy Theatre',6,'2016-10-27','Completed'),
('Evolution Tour',7,'Lobero Theatre',7,'2016-10-29','Completed'),('Evolution Tour',8,'Slims',8,'2016-10-30','Completed'),('Evolution Tour',9,'Constellation Room',9,'2016-11-01','Completed'),
('Evolution Tour',10,'Nuemos',10,'2016-11-03','Completed'),('Evolution Tour',11,'Hawthorne Theatre',11,'2016-11-05','Completed'),('Evolution Tour',12,'Bluebird Theatre',12,'2016-11-07','Completed'),
('Evolution Tour',13,'Slowdown',13,'2016-11-08','Completed'), ('Evolution Tour',14,'Recordbar',14,'2016-11-10','Completed'),('Evolution Tour',15,'The Garage',15,'2016-11-11','Completed'),
('Evolution Tour',16,'Deluxe at Old National Centre',16,'2016-11-13','Completed'),('Evolution Tour',17,'Pike Room',17,'2016-11-14','Completed'),('Evolution Tour',18,'Mod Club',18,'2016-11-16','Completed'),
('Evolution Tour',19,'Buffalo Iron Works',19,'2016-11-17','Completed'),('Evolution Tour',20,'The Hollow',20,'2016-11-18','Completed'),('Evolution Tour',21,'Tanger Outlets',21,'2016-11-19','Completed'),
('Evolution Tour',22,'Highline Ballroom',22,'2016-11-21','Completed'),('Evolution Tour',23,'The Sinclair',23,'2016-11-23','Completed'),('Evolution Tour',24,'iPlay America',24,'2016-11-25','Completed'),
('Evolution Tour',25,'Soundstage Baltimore',25,'2016-11-26','Completed'),('Evolution Tour',26,'The Foundry at The Filmore Philadelphia',26,'2016-11-27','Completed'),('Evolution Tour',27,'Jammin Java',27,'2016-11-29','Completed'),
('Evolution Tour',28,'Stage AE',28,'2016-11-30','Completed'),('Evolution Tour',29,'Grog Shop',29,'2016-12-03','Completed'),('Evolution Tour',30,'A and R Music Bar',30,'2016-12-04','Completed'),
('Evolution Tour',31,'Turner Hall Ballroom',31,'2016-12-05','Completed'),('Evolution Tour',32,'Schubas Tavern',32,'2016-12-06','Completed'),('Evolution Tour',33,'State Theatre',33,'2016-12-10','Completed'),
('Evolution Tour',34,'Jack Rabbits',34,'2016-12-11','Completed'),('Evolution Tour',35,'McGlohon Theatre at Spirit Square',35,'2016-12-13','Completed'),('Evolution Tour',36,'Twentieth Century Theatre',36,'2016-12-14','Completed'),
('Evolution Tour',37,'Parker Playhouse',37,'2016-12-19','Completed'),('Evolution Tour',38,'O2 ABC Glasgow',38,'2017-05-03','Completed'),('Evolution Tour',39,'Les Etoiles',39,'2017-05-12','Completed'),
('Evolution Tour',40,'TRUX Music Center',40,'2017-05-20','Completed'),('Evolution Tour',41,'LUXOR',41,'2017-05-21','Completed'),('Evolution Tour',42,'Magazzini Generali',42,'2017-05-22','Completed'),
('The De-Tour',43,'Vogue Theatre',43,'2017-07-06','Completed'),('The De-Tour',44,'Winspear Centre',44,'2017-07-08','Completed'),('The De-Tour',45,'Calgary Stampede',45,'2017-07-09','Completed'),
('The De-Tour',46,'Neptune Theatre',10,'2017-07-11','Completed'),('The De-Tour',47,'Crystal Ballroom',11,'2017-07-13','Completed'),('The De-Tour',48,'The Masonic',8,'2017-07-15','Completed'),
('The De-Tour',49,'Ruth Finley Person Theatre',46,'2017-07-16','Completed'),('The De-Tour',50,'Balboa Theatre',47,'2017-07-18','Completed'),('The De-Tour',51,'House of Blues',48,'2017-07-19','Completed'),
('The De-Tour',52,'The Wiltern',49,'2017-07-21','Completed'),('The De-Tour',53,'Comerica',50,'2017-07-22','Completed'),('The De-Tour',54,'Paramount Theatre',12,'2017-07-24','Completed'),
('The De-Tour',55,'Majestic Theatre',5,'2017-07-26','Completed'),('The De-Tour',56,'Saenger Theatre',51,'2017-07-28','Completed'),('The De-Tour',57,'Timberwood Ampitheater',52,'2017-07-29','Completed'),
('The De-Tour',58,'Revention Music Center',53,'2017-07-30','Completed'),('The De-Tour',59,'Florida Theatre',34,'2017-08-02','Completed'),('The De-Tour',60,'The Filmore Miami Beach',54,'2017-08-04','Completed'),
('The De-Tour',61,'Walt Disney Theatre',55,'2017-08-05','Completed'),('The De-Tour',62,'The Tabernacle',2,'2017-08-06','Completed'),('The De-Tour',63,'Ryman Auditorium',1,'2017-08-08','Completed'),
('The De-Tour',64,'Murat Theatre',16,'2017-08-09','Completed'),('The De-Tour',65,'Wisconsin State Fair',56,'2017-08-11','Completed'),('The De-Tour',66,'The Filmore',57,'2017-08-12','Completed'),
('The De-Tour',67,'Hollywood Casino Ampitheatre',58,'2017-08-13','Completed'),('The De-Tour',68,'Erie County Fair',59,'2017-08-15','Completed'),('The De-Tour',69,'Byham Theatre',28,'2017-08-16','Completed'),
('The De-Tour',70,'Connor Palace',106,'2017-08-17','Completed'),('The De-Tour',71,'Hersheypark Stadium',60,'2017-08-19','Completed'),('The De-Tour',72,'House of Blues',61,'2017-08-20','Completed'),
('The De-Tour',73,'Welmont Theater',62,'2017-08-22','Completed'),('The De-Tour',74,'The Foundry at The Filmore Philadelphia',26,'2017-08-23','Completed'),('The De-Tour',75,'Belk Theater',35,'2017-08-25','Completed'),
('The De-Tour',76,'Maryland State Fair',63,'2017-08-26','Completed'),('The De-Tour',77,'Budweiser Stage',18,'2017-08-27','Completed'),('Singular Tour',78,'Universal Studios Florida',55,'2019-03-02','Completed'),
('Singular Tour',79,'Buckhead Theatre',2,'2019-03-03','Completed'),('Singular Tour',80,'The Filmore',35,'2019-03-04','Completed'),('Singular Tour',81,'Theatre of Living Arts',26,'2019-03-06','Completed'),
('Singular Tour',82,'Paradise Rock Club',61,'2019-03-07','Completed'),('Singular Tour',83,'Welmont Theater',62,'2019-03-09','Completed'),('Singular Tour',84,'9:30 Club',64,'2019-03-10','Completed'),
('Singular Tour',85,'Irving Plaza',22,'2019-03-12','Completed'),('Singular Tour',86,'The Opera House',18,'2019-03-14','Completed'),('Singular Tour',87,'Grand Theater at Foxwoods',65,'2019-03-15','Completed'),
('Singular Tour',88,'St. Andrews Hall',57,'2019-03-17','Completed'),('Singular Tour',89,'House of Blues',32,'2019-03-18','Completed'),('Singular Tour',90,'House of Blues',66,'2019-03-21','Completed'),
('Singular Tour',91,'House of Blues',47,'2019-03-22','Completed'),('Singular Tour',92,'UC Theatre',67,'2019-03-24','Completed'),('Singular Tour',93,'Henry Fonda Theatre',49,'2019-03-25','Completed'),
('Singular Tour',94,'Namba Hatch',68,'2019-04-01','Completed'),('Singular Tour',95,'Diamond Hall',69,'2019-04-02','Completed'),('Singular Tour',96,'EX Theater Roppongi',70,'2019-04-04','Completed'),
('Singular Tour',97,'Yes24 Live Hall',71,'2019-04-06','Completed'),('Singular Tour',98,'New Frontier Theater',73,'2019-04-09','Cancelled'),('Singular Tour',99,'Kalland Theater',72,'2019-04-11','Completed'),
('Emails I Cant Send Tour',100,'Center Stage',2,'2022-09-29','Completed'),('Emails I Cant Send Tour',101,'Rams Head Live!',25,'2022-10-01','Completed'),('Emails I Cant Send Tour',102,'Theatre of Living Arts',26,'2022-10-02','Completed'),
('Emails I Cant Send Tour',103,'Big Night Live',61,'2022-10-03','Completed'),('Emails I Cant Send Tour',104,'Webster Hall',22,'2022-10-05','Completed'),('Emails I Cant Send Tour',105,'Webster Hall',22,'2022-10-06','Completed'),
('Emails I Cant Send Tour',106,'Lincoln Theatre',64,'2022-10-07','Completed'),('Emails I Cant Send Tour',107,'House of Blues',32,'2022-10-09','Completed'),('Emails I Cant Send Tour',108,'Phoenix Concert Theatre',18,'2022-10-10','Completed'),
('Emails I Cant Send Tour',109,'Marquee Theatre',74,'2022-10-12','Completed'),('Emails I Cant Send Tour',110,'Observatory North Park',47,'2022-10-13','Completed'),('Emails I Cant Send Tour',111,'The Wiltern',49,'2022-10-15','Completed'),
('Emails I Cant Send Tour',112,'Regency Center',8,'2022-10-16','Completed'),('Emails I Cant Send Tour',113,'Hard Rock Live',55,'2022-10-20','Completed'),('Emails I Cant Send Tour',114,'Hard Rock Live Seminole',107,'2023-03-16','Completed'),
('Emails I Cant Send Tour',115,'Jannus Live',33,'2023-03-17','Completed'),('Emails I Cant Send Tour',116,'Orpheum Theater',51,'2023-03-20','Completed'),('Emails I Cant Send Tour',117,'Warehouse Live',53,'2023-03-22','Completed'),
('Emails I Cant Send Tour',118,'The Factory in Deep Ellum',5,'2023-03-24','Completed'),('Emails I Cant Send Tour',119,'The Espee',3,'2023-03-25','Completed'),('Emails I Cant Send Tour',120,'Moody Theater',4,'2023-03-26','Completed'),
('Emails I Cant Send Tour',121,'Tulsa Theater',75,'2023-03-28','Completed'),('Emails I Cant Send Tour',122,'Mission Ballroom',12,'2023-03-30','Completed'),('Emails I Cant Send Tour',123,'The Union',76,'2023-04-01','Completed'),
('Emails I Cant Send Tour',124,'Revolution Concert House',77,'2023-04-02','Completed'),('Emails I Cant Send Tour',125,'Grey Eagle Event Centre',45,'2023-04-05','Completed'),('Emails I Cant Send Tour',126,'Edmonton Convention Centre',44,'2023-04-06','Completed'),
('Emails I Cant Send Tour',127,'PNE Forum',43,'2023-04-08','Completed'),('Emails I Cant Send Tour',128,'Paramount Theatre',10,'2023-04-11','Completed'),('Emails I Cant Send Tour',129,'The Warfield',8,'2023-04-14','Completed'),
('Emails I Cant Send Tour',130,'The Warfield',8,'2023-04-15','Completed'),('Emails I Cant Send Tour',131,'Hard Rock Live Sacramento',78,'2023-04-16','Completed'),('Emails I Cant Send Tour',132,'Humphreys Concerts By the Bay',47,'2023-04-19','Completed'),
('Emails I Cant Send Tour',133,'Greek Theatre',49,'2023-04-20','Completed'),('Emails I Cant Send Tour',134,'The Theatre at Virgin Hotels',66,'2023-04-22','Completed'),('Emails I Cant Send Tour',135,'Mesa Ampitheatre',79,'2023-04-23','Completed'),
('Emails I Cant Send Tour',136,'Midland Theatre',14,'2023-04-26','Completed'),('Emails I Cant Send Tour',137,'State Theatre',80,'2023-04-27','Completed'),('Emails I Cant Send Tour',138,'The Sylvee',81,'2023-04-28','Completed'),
('Emails I Cant Send Tour',139,'The Factory',82,'2023-04-30','Completed'),('Emails I Cant Send Tour',140,'Ryman Auditorium',1,'2023-05-02','Completed'),('Emails I Cant Send Tour',141,'Murat Theatre',16,'2023-05-03','Completed'),
('Emails I Cant Send Tour',142,'Meridian Hall',18,'2023-05-05','Completed'),('Emails I Cant Send Tour',143,'Masonic Temple Theatre',57,'2023-05-06','Completed'),('Emails I Cant Send Tour',144,'Agora Ballroom',106,'2023-05-07','Completed'),
('Emails I Cant Send Tour',145,'Roadrunner',61,'2023-05-02','Completed'),('Emails I Cant Send Tour',146,'Terminal 5',22,'2023-05-10','Completed'),('Emails I Cant Send Tour',147,'Terminal 5',22,'2023-05-11','Completed'),
('Emails I Cant Send Tour',148,'Franklin Music Hall',26,'2023-05-13','Completed'),('Emails I Cant Send Tour',149,'The Anthem',64,'2023-05-14','Completed'),('Emails I Cant Send Tour',150,'The Ritz',103,'2023-05-16','Completed'),
('Emails I Cant Send Tour',151,'The Eastern',2,'2023-05-17','Completed'),('Emails I Cant Send Tour',152,'Gulf Shores Public Beach',83,'2023-05-20','Completed'),('Emails I Cant Send Tour',153,'Jockey Club',84,'2023-05-28','Completed'),
('Emails I Cant Send Tour',154,'Anhangabaú River',85,'2023-06-04','Completed'),('Emails I Cant Send Tour',155,'3Olympia Theatre',86,'2023-06-11','Completed'),('Emails I Cant Send Tour',156,'Barrowland Ballroom',38,'2023-06-13','Completed'),
('Emails I Cant Send Tour',157,'O2 Apollo Manchester',87,'2023-06-14','Completed'),('Emails I Cant Send Tour',158,'Seaclose Park',88,'2023-06-16','Completed'),('Emails I Cant Send Tour',159,'O2 Academy Birmingham',89,'2023-06-18','Completed'),
('Emails I Cant Send Tour',160,'Eventim Apollo',90,'2023-06-19','Completed'),('Emails I Cant Send Tour',161,'Palais 12',91,'2023-06-23','Completed'),('Emails I Cant Send Tour',162,'Palladium',41,'2023-06-24','Completed'),
('Emails I Cant Send Tour',163,'Melkweg',92,'2023-06-25','Completed'),('Emails I Cant Send Tour',164,'Astra Kulturhaus',93,'2023-06-27','Completed'),('Emails I Cant Send Tour',165,'Gärdet',94,'2023-06-29','Completed'),('Emails I Cant Send Tour',166,'Hyde Park',90,'2023-07-02','Completed'),
('Emails I Cant Send Tour',167,'Zénith Paris',39,'2023-07-03','Completed'),('Emails I Cant Send Tour',168,'Toyosu PIT',70,'2023-07-18','Completed'),('Emails I Cant Send Tour',169,'Zepp Osaka Bayside',68,'2023-07-19','Completed'),
('Emails I Cant Send Tour',170,'Sepang International Circuit',95,'2023-07-21','Completed'),('Emails I Cant Send Tour',171,'Gelora Bung Karno Sports Complex',96,'2023-07-22','Completed'),
('Emails I Cant Send Tour',172,'New Frontier Theater',97,'2023-07-25','Completed'),('Emails I Cant Send Tour',173,'Sands Expo & Convention Centre',72,'2023-07-27','Completed'),
('Emails I Cant Send Tour',174,'Bitec Hall',98,'2023-07-29','Completed'),('Emails I Cant Send Tour',175,'House of Blues',32,'2023-08-03','Completed'),('Emails I Cant Send Tour',176,'Grant Park',32,'2023-08-04','Completed')
;

INSERT INTO sabrina_show VALUES
('Short n Sweet Tour',177,'Nationwide Arena',30,'2024-09-23','Completed'),('Short n Sweet Tour',178,'Scotiabank Arena',18,'2024-09-25','Completed'),('Short n Sweet Tour',179,'Little Ceasars Arena',57,'2024-09-26','Completed'),
('Short n Sweet Tour',180,'Madison Square Garden',22,'2024-09-29','Completed'),('Short n Sweet Tour',181,'Barclays Center',99,'2024-09-30','Completed'),('Short n Sweet Tour',182,'XL Center',100,'2024-10-02','Completed'),
('Short n Sweet Tour',183,'TD Garden',61,'2024-10-03','Completed'),('Short n Sweet Tour',184,'CFG Bank Arena',25,'2024-10-05','Completed'),('Short n Sweet Tour',185,'Wells Fargo Center',26,'2024-10-08','Completed'),
('Short n Sweet Tour',186,'Bell Centre',101,'2024-10-11','Completed'),('Short n Sweet Tour',187,'United Center',32,'2024-10-13','Completed'),('Short n Sweet Tour',188,'Target Center',80,'2024-10-14','Completed'),
('Short n Sweet Tour',189,'Bridgestone Arena',1,'2024-10-16','Completed'),('Short n Sweet Tour',190,'Chaifetz Arena',102,'2024-10-17','Completed'),('Short n Sweet Tour',191,'Lenovo Center',103,'2024-10-19','Completed'),
('Short n Sweet Tour',192,'John Paul Jones Arena',108,'2024-10-20','Completed'),('Short n Sweet Tour',193,'State Farm Arena',2,'2024-10-22','Completed'),('Short n Sweet Tour',194,'Kia Center',55,'2024-10-24','Completed'),
('Short n Sweet Tour',195,'Amalie Center',104,'2024-10-25','Completed'),('Short n Sweet Tour',196,'Toyota Center',53,'2024-10-27','Completed'),('Short n Sweet Tour',197,'Moody Center',4,'2024-10-28','Completed'),
('Short n Sweet Tour',198,'American Airlines Center',5,'2024-10-30','Completed'),('Short n Sweet Tour',199,'Ball Arena',12,'2024-11-01','Completed'),('Short n Sweet Tour',200,'Delta Center',76,'2024-11-02','Completed'),
('Short n Sweet Tour',201,'Pacific Coliseum',43,'2024-11-04','Completed'),('Short n Sweet Tour',202,'Climate Pledge Arena',10,'2024-11-06','Completed'),('Short n Sweet Tour',203,'Moda Center',11,'2024-11-07','Completed'),
('Short n Sweet Tour',204,'Chase Center',8,'2024-11-09','Completed'),('Short n Sweet Tour',205,'Pechanga Arena',47,'2024-11-10','Completed'),('Short n Sweet Tour',206,'Footprint Center',50,'2024-11-13','Completed'),
('Short n Sweet Tour',207,'Crypto.com Arena',50,'2024-11-15','Completed'),('Short n Sweet Tour',208,'Kia Forum',105,'2024-11-17','Completed'),('Short n Sweet Tour',209,'Kia Forum',105,'2024-11-18','Completed'),
('Short n Sweet Tour',210,'3Arena',86,'2025-03-03','Upcoming'),('Short n Sweet Tour',211,'3Arena',86,'2025-03-04','Upcoming'),('Short n Sweet Tour',212,'Utilita Arena',89,'2025-03-06','Upcoming'),
('Short n Sweet Tour',213,'The O2 Arena',90,'2025-03-08','Upcoming'),('Short n Sweet Tour',214,'The O2 Arena',90,'2025-03-09','Upcoming'),('Short n Sweet Tour',215,'OVO Hydro',38,'2025-03-11','Upcoming'),
('Short n Sweet Tour',216,'Co-op Live',87,'2025-03-13','Upcoming'),('Short n Sweet Tour',217,'Co-op Live',87,'2025-03-14','Upcoming'),('Short n Sweet Tour',218,'Accor Arena',39,'2025-03-16','Upcoming'),
('Short n Sweet Tour',219,'Accor Arena',39,'2025-03-17','Upcoming'),('Short n Sweet Tour',220,'Uber Arena',93,'2025-03-19','Upcoming'),('Short n Sweet Tour',221,'ING Arena',91,'2025-03-22','Upcoming'),
('Short n Sweet Tour',222,'Ziggo Dome',92,'2025-03-23','Upcoming'),('Short n Sweet Tour',223,'Unipol Forum',42,'2025-03-26','Upcoming')
;

INSERT INTO opening_act (act_name) VALUES
('Alex Aiono'),('New Hope Club'),('Maggie Lindemann'),('Girlhouse'),('Spill Tab'),
('Blue DeTiger'),('Annika Bennett'),('Amaarae'),('Griff'),('Declan McKenna'),('Rachel Chinouriri')
;

INSERT INTO opening_to_show VALUES 
('The De-Tour',43,1,1),('The De-Tour',44,1,1),('The De-Tour',45,1,1),('The De-Tour',46,1,1),('The De-Tour',47,1,1),('The De-Tour',48,1,1),('The De-Tour',49,1,1),
('The De-Tour',50,1,1),('The De-Tour',51,1,1),('The De-Tour',52,1,1),('The De-Tour',53,1,1),('The De-Tour',54,1,1),('The De-Tour',55,1,1),('The De-Tour',56,1,1),
('The De-Tour',57,1,1),('The De-Tour',58,1,1),('The De-Tour',59,1,1),('The De-Tour',60,1,1),('The De-Tour',61,1,1),('The De-Tour',62,1,1),('The De-Tour',63,1,1),
('The De-Tour',64,1,1),('The De-Tour',65,1,1),('The De-Tour',66,1,1),('The De-Tour',67,1,1),('The De-Tour',68,1,1),('The De-Tour',69,1,1),('The De-Tour',70,1,1),
('The De-Tour',71,1,1),('The De-Tour',72,1,1),('The De-Tour',73,1,1),('The De-Tour',74,1,1),('The De-Tour',75,1,1),('The De-Tour',76,1,1),
('The De-Tour',43,2,2),('The De-Tour',44,2,2),('The De-Tour',45,2,2),('The De-Tour',46,2,2),('The De-Tour',47,2,2),('The De-Tour',48,2,2),('The De-Tour',49,2,2),
('The De-Tour',50,2,2),('The De-Tour',51,2,2),('The De-Tour',52,2,2),('The De-Tour',53,2,2),('The De-Tour',54,2,2),('The De-Tour',55,2,2),('The De-Tour',56,2,2),
('The De-Tour',57,2,2),('The De-Tour',58,2,2),('The De-Tour',59,2,2),('The De-Tour',60,2,2),('The De-Tour',61,2,2),('The De-Tour',62,2,2),('The De-Tour',63,2,2),
('The De-Tour',64,2,2),('The De-Tour',65,2,2),('The De-Tour',66,2,2),('The De-Tour',67,2,2),('The De-Tour',68,2,2),('The De-Tour',69,2,2),('The De-Tour',70,2,2),
('The De-Tour',71,2,2),('The De-Tour',72,2,2),('The De-Tour',73,2,2),('The De-Tour',74,2,2),('The De-Tour',75,2,2),('The De-Tour',76,2,2),
('Singular Tour',79,3,1),('Singular Tour',80,3,1),('Singular Tour',81,3,1),('Singular Tour',82,3,1),('Singular Tour',83,3,1),('Singular Tour',84,3,1),
('Singular Tour',85,3,1),('Singular Tour',86,3,1),('Singular Tour',88,3,1),('Singular Tour',89,3,1),('Singular Tour',90,3,1),('Singular Tour',91,3,1),
('Singular Tour',92,3,1),('Singular Tour',93,3,1),
('Emails I Cant Send Tour',100,4,1),('Emails I Cant Send Tour',101,4,1),('Emails I Cant Send Tour',102,4,1),('Emails I Cant Send Tour',103,4,1),
('Emails I Cant Send Tour',104,4,1),('Emails I Cant Send Tour',105,4,1),('Emails I Cant Send Tour',106,4,1),('Emails I Cant Send Tour',107,4,1),
('Emails I Cant Send Tour',108,4,1),('Emails I Cant Send Tour',109,4,1),('Emails I Cant Send Tour',110,4,1),('Emails I Cant Send Tour',111,4,1),
('Emails I Cant Send Tour',112,4,1),('Emails I Cant Send Tour',113,4,1),
('Emails I Cant Send Tour',114,5,1),('Emails I Cant Send Tour',115,5,1),('Emails I Cant Send Tour',116,5,1),('Emails I Cant Send Tour',117,5,1),
('Emails I Cant Send Tour',118,5,1),('Emails I Cant Send Tour',119,5,1),('Emails I Cant Send Tour',120,5,1),('Emails I Cant Send Tour',121,5,1),
('Emails I Cant Send Tour',122,5,1),('Emails I Cant Send Tour',123,5,1),('Emails I Cant Send Tour',124,5,1),('Emails I Cant Send Tour',125,5,1),
('Emails I Cant Send Tour',126,5,1),('Emails I Cant Send Tour',127,5,1),('Emails I Cant Send Tour',128,5,1),('Emails I Cant Send Tour',129,5,1),
('Emails I Cant Send Tour',130,5,1),('Emails I Cant Send Tour',131,5,1),('Emails I Cant Send Tour',132,5,1),('Emails I Cant Send Tour',133,5,1),
('Emails I Cant Send Tour',133,6,2),('Emails I Cant Send Tour',134,6,1),('Emails I Cant Send Tour',135,6,1),('Emails I Cant Send Tour',136,6,1),
('Emails I Cant Send Tour',137,6,1),('Emails I Cant Send Tour',138,6,1),('Emails I Cant Send Tour',139,6,1),('Emails I Cant Send Tour',140,6,1),
('Emails I Cant Send Tour',141,6,1),('Emails I Cant Send Tour',142,6,1),('Emails I Cant Send Tour',143,6,1),('Emails I Cant Send Tour',144,6,1),
('Emails I Cant Send Tour',145,6,1),('Emails I Cant Send Tour',146,6,1),('Emails I Cant Send Tour',147,6,1),('Emails I Cant Send Tour',148,6,1),
('Emails I Cant Send Tour',149,6,1),('Emails I Cant Send Tour',150,6,1),('Emails I Cant Send Tour',151,6,1),
('Emails I Cant Send Tour',155,7,1),('Emails I Cant Send Tour',156,7,1),('Emails I Cant Send Tour',157,7,1),('Emails I Cant Send Tour',159,7,1),
('Emails I Cant Send Tour',160,7,1),('Emails I Cant Send Tour',161,7,1),('Emails I Cant Send Tour',162,7,1),('Emails I Cant Send Tour',163,7,1),
('Emails I Cant Send Tour',164,7,1), ('Emails I Cant Send Tour',167,7,1),
('Short n Sweet Tour',177,8,1),('Short n Sweet Tour',178,8,1),('Short n Sweet Tour',179,8,1),('Short n Sweet Tour',180,8,1),('Short n Sweet Tour',181,8,1),
('Short n Sweet Tour',182,8,1),('Short n Sweet Tour',183,8,1),('Short n Sweet Tour',184,8,1),('Short n Sweet Tour',185,8,1),('Short n Sweet Tour',186,8,1),
('Short n Sweet Tour',187,8,1),('Short n Sweet Tour',188,8,1),('Short n Sweet Tour',189,8,1),
('Short n Sweet Tour',190,9,1),('Short n Sweet Tour',191,9,1),('Short n Sweet Tour',192,9,1),('Short n Sweet Tour',193,9,1),('Short n Sweet Tour',194,9,1),
('Short n Sweet Tour',195,9,1),('Short n Sweet Tour',196,9,1),('Short n Sweet Tour',197,9,1),('Short n Sweet Tour',198,9,1),
('Short n Sweet Tour',199,10,1),('Short n Sweet Tour',200,10,1),('Short n Sweet Tour',201,10,1),('Short n Sweet Tour',202,10,1),('Short n Sweet Tour',203,10,1),
('Short n Sweet Tour',204,10,1),('Short n Sweet Tour',205,10,1),('Short n Sweet Tour',206,10,1),('Short n Sweet Tour',207,10,1),('Short n Sweet Tour',208,10,1),
('Short n Sweet Tour',209,10,1),
('Short n Sweet Tour',210,11,1),('Short n Sweet Tour',211,11,1),('Short n Sweet Tour',212,11,1),('Short n Sweet Tour',213,11,1),('Short n Sweet Tour',214,11,1),
('Short n Sweet Tour',215,11,1),('Short n Sweet Tour',216,11,1),('Short n Sweet Tour',217,11,1),('Short n Sweet Tour',218,11,1),('Short n Sweet Tour',219,11,1),
('Short n Sweet Tour',220,11,1),('Short n Sweet Tour',221,11,1),('Short n Sweet Tour',222,11,1),('Short n Sweet Tour',223,11,1)
;

INSERT INTO customer (first_name,last_name, phone, email) VALUES
('Kristen','Lee','716-341-4340','lee.kri@northeastern.edu'),('Madison','Aldrich','317-500-0220','maldrich@gmail.com'),('Grace','Carra','716-479-6459','ggcarra@mail.com'),
('Kelsey','Schmid','859-308-7359','kschmid@yahoo.com'),('Louise','Carlson','716-341-5964','weezbad@roadrunner.com'),('Kelvin','Lee','716-939-0552','kplee@gmail.com'),
('Aidan','Molinaro','847-531-3293','amolinarno@yahoo.com'),('Natasha','Nicholas','617-959-2378','nicholas.n@northeastern.edu'),('Anna','Childers','765-617-9358','achilders@gmail.com'),
('Haley','Cera','614-424-9926','hcera@butler.edu'),('Sophie','Ludolph','894-282-3845','sludy@gmail.com'),('Cate','Petterson','847-085-3921','cpetter@butler.edu'),
('Riley','Iria','317-320-4854','riria@butler.edu'),('Anna','Garfalo','847-478-3195','agarfalo@butler.edu'), ('Laurie','Carra','716-481-5893','lbcarra@gmail.com'),
('Charles','Carra','716-549-5198','charlescarra2@gmail.com'),('Julia','Fryrear','847-328-8192','jfryrear@butler.edu'),('Brittany','Sirvath','317-758-8421','bsirvath@butler.edu'),
('Hiedi','Copple','317-391-6843','hcopple@butler.edu'),('Seley','Booth','821-223-0920','sbooth@gmail.edu'),('Temperance','Brennan','748-202-0452','bones@gmail.com'),
('Lance','Sweets','832-992-3326','sweets434@yahoo.com'),('Peter','Rabbit','422-580-2330','carrotlover123@roadrunner.com'),('Pooh','Bear','320-893-6327','honeypot@gmail.com'),
('Blair','Waldorf','714-893-0892','bwaldorf@yhoo.com'),('Serena','Vanderwoodsen','714-289-5201','svanderwoodsen@yahoo.com'), ('Megan','McFadden','578-430-3932','mmcfad@butler.edu')
;

INSERT INTO ticket_sales (purchase_date, total_cost, ticket_quantity, customer_id,tour_name,show_id) VALUES
('2016-06-01',198.34,2,4,'Evolution Tour',1),('2016-05-01',107.61,1,14,'Evolution Tour',1),('2016-06-01',3085.79,20,9,'Evolution Tour',1),
('2016-06-17',753.10,7,8,'Evolution Tour',2),('2016-05-19',142.67,1,4,'Evolution Tour',2),('2016-06-13',782.75,5,3,'Evolution Tour',5),('2016-06-03',5983.40,22,11,'Evolution Tour',5),
('2016-06-03',231.69,2,12,'Evolution Tour',5),('2016-08-03',396.32,3,5,'Evolution Tour',10),('2016-07-14',1247.48,10,6,'Evolution Tour',10),
('2016-07-17',7095.81,50,2,'Evolution Tour',16),('2016-07-02',504.30,3,4,'Evolution Tour',16),('2016-07-26',9832.54,62,9,'Evolution Tour',16),
('2016-07-11',738.02,5,1,'Evolution Tour',16),('2016-07-09',209.51,1,7,'Evolution Tour',16),('2016-07-16',679.03,4,10,'Evolution Tour',16),
('2016-07-18',2083.49,12,19,'Evolution Tour',16),('2016-08-20',597.12,98,3,'Evolution Tour',18),('2016-08-20',11038.38,98,1,'Evolution Tour',19),
('2016-09-16',476.49,3,3,'Evolution Tour',19),('2016-10-19',7583.74,9,6,'Evolution Tour',19),('2016-09-06',685.20,5,7,'Evolution Tour',19),
('2016-08-26',20093.33,73,24,'Evolution Tour',19),('2016-08-29',298.35,2,15,'Evolution Tour',19),('2016-08-29',176.54,1,16,'Evolution Tour',19),
('2016-08-26',3890.48,21,24,'Evolution Tour',20),('2016-09-08',8958.19,60,25,'Evolution Tour',22),('2016-09-04',22190.19,99,26,'Evolution Tour',22),
('2016-10-04',7381.89,59,8,'Evolution Tour',23),('2016-10-02',8320.46,59,1,'Evolution Tour',23),('2016-09-15',2432.87,3,20,'Evolution Tour',25),
('2016-09-15',3482.43,6,21,'Evolution Tour',25),('2016-09-13',232.83,3,22,'Evolution Tour',25),('2016-10-06',213.55,1,23,'Evolution Tour',25),
('2016-10-23',4390.43,28,23,'Evolution Tour',28),('2016-10-23',6894.65,51,24,'Evolution Tour',28),('2016-11-18',108.53,1,10,'Evolution Tour',30),
('2016-10-28',3298.13,19,18,'Evolution Tour',30),('2016-11-18',2108.73,11,19,'Evolution Tour',30),('2016-09-12',302.75,2,13,'Evolution Tour',32),
('2016-08-22',583.22,4,11,'Evolution Tour',32),('2016-08-23',1582.92,9,12,'Evolution Tour',32),('2016-08-27',554.23,3,14,'Evolution Tour',32),
('2016-08-07',4938.63,39,17,'Evolution Tour',32),('2016-10-26',7433.44,52,27,'Evolution Tour',35),('2016-09-13',2196.54,12,25,'Evolution Tour',39),
('2016-09-13',1583.18,10,26,'Evolution Tour',39),('2016-09-15',3689.54,19,25,'Evolution Tour',42),('2016-09-15',2093.18,10,26,'Evolution Tour',42),
('2017-04-16',598.42,5,20,'The De-Tour',44),('2017-05-06',2908.61,12,21,'The De-Tour',44),('2017-04-28',341.58,2,23,'The De-Tour',44),
('2017-05-06',2039.73,13,24,'The De-Tour',44),('2017-05-06',6932.02,50,5,'The De-Tour',46),('2017-05-06',2910.31,10,6,'The De-Tour',46),
('2017-05-13',202.62,1,24,'The De-Tour',52),('2017-05-13',427.87,3,26,'The De-Tour',52),('2017-04-22',6932.02,6,27,'The De-Tour',52),
('2017-04-27',311.12,2,19,'The De-Tour',52),('2017-04-27',200.92,1,19,'The De-Tour',52),('2017-05-17',572.51,4,17,'The De-Tour',52),
('2017-05-14',225.40,1,13,'The De-Tour',55),('2017-05-19',427.68,2,11,'The De-Tour',55),('2017-05-21',7325.60,61,1,'The De-Tour',55),
('2017-05-02',863.35,6,17,'The De-Tour',56),('2017-05-23',209.54,1,15,'The De-Tour',58),('2017-05-23',215.42,1,16,'The De-Tour',58),
('2017-05-23',201.83,1,3,'The De-Tour',58),('2017-06-21',405.39,2,19,'The De-Tour',63),('2017-06-19',3000.23,20,1,'The De-Tour',63),
('2017-06-16',809.09,5,2,'The De-Tour',64),('2017-07-08',542.87,2,1,'The De-Tour',64),('2017-07-09',113.63,1,4,'The De-Tour',64),
('2017-06-20',4328.81,23,9,'The De-Tour',64),('2017-07-01',781.70,4,14,'The De-Tour',64),('2017-07-18',291.02,1,10,'The De-Tour',64),
('2017-05-06',1000.80,9,12,'The De-Tour',64),('2017-06-28',904.42,7,23,'The De-Tour',64),('2017-05-02',749.83,6,27,'The De-Tour',64),
('2017-07-29',4000.31,1,26,'The De-Tour',64),('2017-07-09',342.87,2,17,'The De-Tour',66),('2017-06-05',872.87,4,18,'The De-Tour',66),
('2017-05-16',5009.62,20,3,'The De-Tour',66),('2017-06-12',891.22,7,2,'The De-Tour',68),('2017-06-13',293.65,1,15,'The De-Tour',68),
('2017-06-13',794.72,5,16,'The De-Tour',68),('2017-05-01',391.22,2,22,'The De-Tour',68),('2017-05-07',890.56,7,1,'The De-Tour',69),
('2017-05-03',390.92,4,2,'The De-Tour',68),('2017-03-21',2397.24,20,8,'The De-Tour',72),('2017-03-29',309.74,1,1,'The De-Tour',72),
('2017-04-22',582.02,3,4,'The De-Tour',72),('2017-02-13',9000.14,73,3,'The De-Tour',77),('2017-02-14',322.75,3,15,'The De-Tour',77),('2017-02-14',190.43,1,16,'The De-Tour',77),
('2018-08-13',809.59,7,27,'Singular Tour',80),('2018-08-10',219.31,1,4,'Singular Tour',80),('2018-08-15',1801.50,9,2,'Singular Tour',80),
('2018-08-11',100.79,1,1,'Singular Tour',80),('2018-07-29',6075.38,43,8,'Singular Tour',82),('2018-08-13',809.59,7,27,'Singular Tour',82),
('2018-10-24',694.42,5,20,'Singular Tour',82),('2018-08-19',234.73,1,21,'Singular Tour',84),('2018-08-19',421.15,2,22,'Singular Tour',84),
('2018-09-14',437.66,3,1,'Singular Tour',84),('2018-11-19',9029.42,8,2,'Singular Tour',84),('2018-10-12',221.76,1,4,'Singular Tour',84),
('2019-01-02',339.65,2,7,'Singular Tour',84),('2018-08-19',210.10,1,18,'Singular Tour',84),('2018-12-21',5401.36,29,25,'Singular Tour',85),
('2018-12-21',3661.71,20,26,'Singular Tour',85),('2018-08-28',306.94,2,3,'Singular Tour',86),('2018-08-26',810.54,6,15,'Singular Tour',86),
('2018-08-26',483.10,3,16,'Singular Tour',86),('2018-09-20',684.24,5,17,'Singular Tour',89),('2018-08-28',232.65,1,10,'Singular Tour',89),
('2018-08-12',439.74,2,11,'Singular Tour',89),('2018-08-28',684.24,5,12,'Singular Tour',89),('2018-08-30',2093.11,10,13,'Singular Tour',89),
('2018-09-21',584.92,4,18,'Singular Tour',89),('2018-07-18',220.41,1,19,'Singular Tour',89),('2018-06-29',392.55,1,19,'Singular Tour',90),
('2018-11-20',124.64,1,19,'Singular Tour',93),('2018-11-02',1004.06,10,25,'Singular Tour',93),('2018-11-03',763.13,5,26,'Singular Tour',93),
('2018-12-23',90.77,1,24,'Singular Tour',93),('2018-12-29',431.99,2,8,'Singular Tour',93),('2018-12-30',3009.89,20,25,'Singular Tour',96),
('2018-12-28',2293.67,10,26,'Singular Tour',96),('2018-01-03',303.54,1,25,'Singular Tour',97),('2018-01-03',293.48,1,26,'Singular Tour',97),
('2018-01-04',286.12,1,25,'Singular Tour',98),('2018-01-02',322.88,1,26,'Singular Tour',98),
('2022-02-22',393.44,2,20,'Emails I Cant Send Tour',101),('2022-03-02',254.92,1,21,'Emails I Cant Send Tour',101),('2022-03-10',326.86,2,22,'Emails I Cant Send Tour',101),
('2022-03-22',246.86,1,20,'Emails I Cant Send Tour',102),('2022-03-22',189.34,1,21,'Emails I Cant Send Tour',102),('2022-03-22',231.52,1,22,'Emails I Cant Send Tour',102), 
('2022-04-18',93.37,1,1,'Emails I Cant Send Tour',103),('2022-04-28',2351.56,10,8,'Emails I Cant Send Tour',103),('2022-06-19',212.75,1,25,'Emails I Cant Send Tour',104),
('2022-06-19',241.32,1,26,'Emails I Cant Send Tour',104),('2022-07-29',103.12,1,23,'Emails I Cant Send Tour',104),('2022-06-09',394.23,2,9,'Emails I Cant Send Tour',104),
('2022-08-11',475.28,2,6,'Emails I Cant Send Tour',104),('2022-06-19',232.24,1,25,'Emails I Cant Send Tour',105),('2022-06-19',211.55,1,26,'Emails I Cant Send Tour',105),
('2022-05-01',647.14,4,1,'Emails I Cant Send Tour',105),('2022-06-05',2453.17,12,2,'Emails I Cant Send Tour',105),('2022-06-06',439.13,3,4,'Emails I Cant Send Tour',105),
('2022-06-05',152.74,1,5,'Emails I Cant Send Tour',105),('2022-06-07',369.95,2,27,'Emails I Cant Send Tour',105),('2022-07-23',438.81,3,20,'Emails I Cant Send Tour',106),
('2022-06-25',286.35,2,21,'Emails I Cant Send Tour',106),('2022-07-01',841.99,6,22,'Emails I Cant Send Tour',106),('2022-06-02',307.64,2,13,'Emails I Cant Send Tour',107),
('2022-03-21',4398.23,29,17,'Emails I Cant Send Tour',107),('2022-07-02',422.74,2,3,'Emails I Cant Send Tour',108),('2022-07-02',682.43,5,15,'Emails I Cant Send Tour',108),
('2022-07-02',213.64,1,16,'Emails I Cant Send Tour',108),('2022-05-05',235.53,2,18,'Emails I Cant Send Tour',113),('2022-06-03',6254.87,50,6,'Emails I Cant Send Tour',113),
('2022-03-16',5357.48,34,2,'Emails I Cant Send Tour',117),('2022-09-19',426.71,3,12,'Emails I Cant Send Tour',117),('2022-04-06',557.77,4,9,'Emails I Cant Send Tour',117),
('2022-05-08',89.99,1,1,'Emails I Cant Send Tour',117),('2022-11-11',395.51,2,11,'Emails I Cant Send Tour',117),('2022-10-03',892.72,7,7,'Emails I Cant Send Tour',117),
('2022-12-02',219.44,1,20,'Emails I Cant Send Tour',117),('2022-08-24',444.61,3,27,'Emails I Cant Send Tour',117),('2022-03-16',99.74,1,21,'Emails I Cant Send Tour',117),
('2022-05-29',457.33,3,1,'Emails I Cant Send Tour',128),('2022-05-08',384.13,2,2,'Emails I Cant Send Tour',128),('2022-05-27',786.66,5,10,'Emails I Cant Send Tour',128),
('2022-09-14',122.68,1,13,'Emails I Cant Send Tour',129),('2022-08-06',554.90,3,19,'Emails I Cant Send Tour',131),('2022-11-23',999.53,8,22,'Emails I Cant Send Tour',131),
('2022-08-18',457.97,3,3,'Emails I Cant Send Tour',132),('2022-12-04',789.12,6,9,'Emails I Cant Send Tour',135),('2022-12-12',349.55,2,5,'Emails I Cant Send Tour',136),
('2022-12-12',89.65,1,6,'Emails I Cant Send Tour',136),('2022-12-13',492.66,3,6,'Emails I Cant Send Tour',136),('2022-12-30',154.88,1,8,'Emails I Cant Send Tour',137),
('2022-11-01',490.09,3,1,'Emails I Cant Send Tour',137),('2022-11-02',97.49,1,1,'Emails I Cant Send Tour',137),('2022-11-12',544.65,4,12,'Emails I Cant Send Tour',137),
('2022-09-13',199.56,1,14,'Emails I Cant Send Tour',140),('2022-09-27',560.33,1,23,'Emails I Cant Send Tour',140),('2022-11-02',1077.56,2,14,'Emails I Cant Send Tour',140),
('2022-12-17',4009.66,3,1,'Emails I Cant Send Tour',140),('2023-01-22',468.88,1,4,'Emails I Cant Send Tour',140),('2023-01-02',334.79,2,24,'Emails I Cant Send Tour',140),
('2022-06-11',468.88,1,4,'Emails I Cant Send Tour',140),('2023-01-22',397.63,1,27,'Emails I Cant Send Tour',140),('2023-03-12',7893.92,7,5,'Emails I Cant Send Tour',141),    
('2023-04-11',126.83,1,7,'Emails I Cant Send Tour',141),('2023-04-05',126.83,4,10,'Emails I Cant Send Tour',141),('2023-03-26',687.45,2,2,'Emails I Cant Send Tour',141),
('2023-04-07',2209.06,5,9,'Emails I Cant Send Tour',141),('2023-03-28',7609.92,33,1,'Emails I Cant Send Tour',141),('2023-02-17',782.10,2,3,'Emails I Cant Send Tour',144),
('2023-02-17',531.29,1,1,'Emails I Cant Send Tour',144),('2023-02-18',394.38,1,2,'Emails I Cant Send Tour',144),('2023-01-10',540.06,1,15,'Emails I Cant Send Tour',144),
('2023-01-11',893.55,2,16,'Emails I Cant Send Tour',144),('2023-01-05',397.24,1,1,'Emails I Cant Send Tour',144),('2023-03-02',2003.76,2,23,'Emails I Cant Send Tour',144),
('2023-02-15',6776.44,5,27,'Emails I Cant Send Tour',144),('2023-02-04',311.21,1,12,'Emails I Cant Send Tour',144),('2023-03-27',329.44,1,1,'Emails I Cant Send Tour',145),
('2023-03-29',762.39,4,8,'Emails I Cant Send Tour',145),('2023-03-01',485.13,1,18,'Emails I Cant Send Tour',145),('2023-03-27',4031.65,1,25,'Emails I Cant Send Tour',146),
('2023-03-27',5101.32,1,26,'Emails I Cant Send Tour',146),('2023-03-27',8752.65,1,25,'Emails I Cant Send Tour',147),('2023-03-27',7614.86,1,26,'Emails I Cant Send Tour',147),
('2023-01-07',5381.85,2,21,'Emails I Cant Send Tour',149),('2023-01-07',3033.53,1,20,'Emails I Cant Send Tour',149),('2023-01-08',7541.13,4,22,'Emails I Cant Send Tour',149),
('2023-02-25',2313.33,1,27,'Emails I Cant Send Tour',150),('2023-01-11',8774.34,1,25,'Emails I Cant Send Tour',160),('2023-01-11',6785.12,1,26,'Emails I Cant Send Tour',160),
('2023-04-23',332.43,1,13,'Emails I Cant Send Tour',175),('2023-03-03',6565.33,3,17,'Emails I Cant Send Tour',175),('2023-02-09',794.21,1,1,'Emails I Cant Send Tour',175),
('2023-02-02',802.58,1,2,'Emails I Cant Send Tour',175),('2023-02-04',646.43,1,4,'Emails I Cant Send Tour',175),('2023-03-01',963.24,2,10,'Emails I Cant Send Tour',175),
('2023-02-20',740.42,3,14,'Emails I Cant Send Tour',175),('2023-03-21',563.97,2,7,'Emails I Cant Send Tour',175),('2023-04-24',561.45,1,13,'Emails I Cant Send Tour',176),
('2023-06-04',8429.12,3,17,'Emails I Cant Send Tour',176),('2023-02-10',335.76,1,1,'Emails I Cant Send Tour',176),('2023-02-22',1638.39,5,2,'Emails I Cant Send Tour',176),
('2023-03-24',494.84,2,4,'Emails I Cant Send Tour',176),('2023-02-28',2109.54,2,10,'Emails I Cant Send Tour',176),('2023-02-26',6853.63,1,14,'Emails I Cant Send Tour',176),
('2023-04-20',473.63,2,7,'Emails I Cant Send Tour',176),
('2024-06-23',598.31,3,10,'Short n Sweet Tour',177),('2024-06-24',201.27,1,11,'Short n Sweet Tour',177),('2024-06-24',202.49,1,12,'Short n Sweet Tour',177),
('2024-06-22',379.67,2,14,'Short n Sweet Tour',177),('2024-01-22',427.14,2,15,'Short n Sweet Tour',178),('2024-01-22',286.39,1,16,'Short n Sweet Tour',178),
('2024-01-23',260.51,1,16,'Short n Sweet Tour',178),('2024-03-14',2693.52,2,25,'Short n Sweet Tour',180),('2024-03-14',2091.52,1,26,'Short n Sweet Tour',180),
('2024-03-14',5263.52,3,25,'Short n Sweet Tour',181),('2024-03-14',4764.13,2,26,'Short n Sweet Tour',181),('2024-08-04',1053.84,4,8,'Short n Sweet Tour',183),
('2024-07-24',10082.55,47,1,'Short n Sweet Tour',183),('2024-05-25',182.76,1,5,'Short n Sweet Tour',183),('2024-06-06',209.38,1,20,'Short n Sweet Tour',184),
('2024-06-06',374.09,2,21,'Short n Sweet Tour',184),('2024-06-11',190.23,1,22,'Short n Sweet Tour',184),('2024-03-17',4300.76,2,20,'Short n Sweet Tour',185),
('2024-03-29',3001.53,4,17,'Short n Sweet Tour',187),('2024-02-01',222.79,1,11,'Short n Sweet Tour',187),('2024-04-11',328.61,2,12,'Short n Sweet Tour',187),
('2024-04-04',289.44,2,13,'Short n Sweet Tour',187),('2024-01-18',203957.01,10,14,'Short n Sweet Tour',187),('2024-02-09',293.72,1,24,'Short n Sweet Tour',187),
('2024-07-23',377.39,1,7,'Short n Sweet Tour',187),('2024-04-07',252.18,1,13,'Short n Sweet Tour',187),('2024-03-26',4591.84,2,19,'Short n Sweet Tour',189),
('2024-03-21',474.60,1,2,'Short n Sweet Tour',189),('2024-03-20',5030.16,3,4,'Short n Sweet Tour',189),('2024-01-02',30578.20,20,1,'Short n Sweet Tour',189),
('2024-03-27',261.74,1,19,'Short n Sweet Tour',190),('2024-02-24',683.62,4,27,'Short n Sweet Tour',191),('2024-06-15',357.83,1,23,'Short n Sweet Tour',191),
('2024-08-11',295.38,1,18,'Short n Sweet Tour',191),('2024-06-20',373.77,2,13,'Short n Sweet Tour',196),('2024-06-20',203.90,1,13,'Short n Sweet Tour',197),
('2024-07-19',109.64,1,5,'Short n Sweet Tour',202),('2024-07-19',153.72,1,6,'Short n Sweet Tour',202),('2024-07-20',135.59,1,5,'Short n Sweet Tour',203),
('2024-07-20',215.85,1,6,'Short n Sweet Tour',203),('2024-07-20',396.74,2,1,'Short n Sweet Tour',203),('2024-05-02',536.86,1,13,'Short n Sweet Tour',204),
('2024-03-23',793.68,3,10,'Short n Sweet Tour',204),('2024-09-12',481.29,1,11,'Short n Sweet Tour',204),('2024-03-13',347.64,2,7,'Short n Sweet Tour',204),
('2024-01-17',2385.75,7,8,'Short n Sweet Tour',204),('2024-01-11',3442.86,10,9,'Short n Sweet Tour',204),('2024-03-23',385.47,1,12,'Short n Sweet Tour',204),
('2024-03-20',392.86,1,14,'Short n Sweet Tour',204),('2024-02-25',7802.53,5,23,'Short n Sweet Tour',204),('2024-06-12',584.86,1,25,'Short n Sweet Tour',210),
('2024-06-12',672.24,1,26,'Short n Sweet Tour',210),('2024-06-13',537.34,1,25,'Short n Sweet Tour',211),('2024-06-13',698.75,1,26,'Short n Sweet Tour',211),
('2024-06-13',633.33,1,25,'Short n Sweet Tour',212),('2024-06-13',754.56,1,26,'Short n Sweet Tour',212),('2024-06-12',244.34,1,25,'Short n Sweet Tour',214),
('2024-06-12',212.53,1,26,'Short n Sweet Tour',214),('2024-07-27',324.66,1,25,'Short n Sweet Tour',215),('2024-07-27',319.25,1,26,'Short n Sweet Tour',215),
('2024-05-18',298.35,1,25,'Short n Sweet Tour',216),('2024-05-18',247.74,1,26,'Short n Sweet Tour',216),('2024-03-20',587.01,1,25,'Short n Sweet Tour',218),
('2024-03-21',533.90,1,26,'Short n Sweet Tour',218),('2024-02-03',982.24,2,25,'Short n Sweet Tour',223),('2024-02-01',899.76,2,26,'Short n Sweet Tour',223)
;


INSERT INTO song (song_name, album_id, tour_name, order_played) VALUES
('Smoke and Fire',5,'Evolution Tour',1),('Feels Like Loneliness',3,'Evolution Tour',2),('No Words',3,'Evolution Tour',3),
('Heathens',16,'Evolution Tour',4),('Wildside',6,'Evolution Tour',5),('Cant Blame a Girl For Trying',4,'Evolution Tour',6),
('Run and Hide',3,'Evolution Tour',7),('Well Be the Stars',4,'Evolution Tour',8),('Thumbs',3,'Evolution Tour',9),
('Mirage',3,'Evolution Tour',10),('Dont Want It Back',3,'Evolution Tour',11),('Hotline Bling',17,'Evolution Tour',12),
('All We Have Is Love',3,'Evolution Tour',13),('Space',3,'Evolution Tour',14),('Eyes Wide Open',4,'Evolution Tour',15),
('On Purpose',3,'Evolution Tour',16),('Shadows',3,'Evolution Tour',17),

('Feels Like Loneliness',3,'The De-Tour',1),('Smoke and Fire',5,'The De-Tour',2),('No Words',3,'The De-Tour',3),
('Hands',7,'The De-Tour',4),('Run and Hide',3,'The De-Tour',5),('Space',3,'The De-Tour',6),
('Mirage',3,'The De-Tour',7),('Thumbs',3,'The De-Tour',8),('All We Have Is Love',3,'The De-Tour',9),('Into You',13,'The De-Tour',10),
('Cant Blame a Girl For Trying',4,'The De-Tour',11),('Well Be the Stars',4,'The De-Tour',12),('Eyes Wide Open',4,'The De-Tour',13),
('Shadows',3,'The De-Tour',14),('Wildside',6,'The De-Tour',15),('Why',8,'The De-Tour',16),('On Purpose',3,'The De-Tour',17),

('Almost Love',11,'Singular Tour',1),('Bad Time',11,'Singular Tour',2),('Alien',9,'Singular Tour',3),
('Mona Lisa',14,'Singular Tour',4),('Diamonds',15,'Singular Tour',5),('Thumbs',3,'Singular Tour',6),
('On Purpose',3,'Singular Tour',7),('Pushing 20',12,'Singular Tour',8),('All We Have Is Love',3,'Singular Tour',9),
('Why',8,'Singular Tour',10),('prfct',11,'Singular Tour',11),('Paris',11,'Singular Tour',12),
('Hold Tight',11,'Singular Tour',13),('Sue Me',11,'Singular Tour',14),('Exhale',12,'Singular Tour',15),

('Emails I Cant Send',2,'Emails I Cant Send Tour',1),('Read your Mind',2,'Emails I Cant Send Tour',2),('Feather',2,'Emails I Cant Send Tour',3),
('Vicious',2,'Emails I Cant Send Tour',4),('Already Over',2,'Emails I Cant Send Tour',5),('Bad for Business',2,'Emails I Cant Send Tour',6),
('skinny dipping',2,'Emails I Cant Send Tour',7),('Tornado Warnings',2,'Emails I Cant Send Tour',8),('opposite',2,'Emails I Cant Send Tour',9),
('bet u wanna',2,'Emails I Cant Send Tour',10),('Dreams',18,'Emails I Cant Send Tour',11),('how many things',2,'Emails I Cant Send Tour',12),
('Fast Times',2,'Emails I Cant Send Tour',13),('Paris',11,'Emails I Cant Send Tour',14),('Honeymoon Fades',10,'Emails I Cant Send Tour',15),
('Sue Me',11,'Emails I Cant Send Tour',16),('decode',2,'Emails I Cant Send Tour',17),('Nonsense',2,'Emails I Cant Send Tour',18),
('because i liked a boy',2,'Emails I Cant Send Tour',19),

('Taste',1,'Short n Sweet Tour',1),('Good Graces',1,'Short n Sweet Tour',2),('Slim Pickins',1,'Short n Sweet Tour',3),
('Tornado Warnings',2,'Short n Sweet Tour',4),('decode',2,'Short n Sweet Tour',5),('Bad Chem',1,'Short n Sweet Tour',6),
('Feather',2,'Short n Sweet Tour',7),('Fast Times',2,'Short n Sweet Tour',8),('read Your Mind',2,'Short n Sweet Tour',9),
('opposite',2,'Short n Sweet Tour',10),('because i liked a boy',2,'Short n Sweet Tour',11),('Coincidence',1,'Short n Sweet Tour',12),
('Nonsense',2,'Short n Sweet Tour',13),('Dumb & Poetic',1,'Short n Sweet Tour',14),('Juno',1,'Short n Sweet Tour',15),
('Please Please Please',1,'Short n Sweet Tour',16),('Dont Smile',1,'Short n Sweet Tour',17),('Espresso',1,'Short n Sweet Tour',18)
;

